<?xml version="1.0" encoding="UTF-8"?>
<project-private xmlns="http://www.netbeans.org/ns/project-private/1">
    <editor-bookmarks xmlns="http://www.netbeans.org/ns/editor-bookmarks/2" lastBookmarkId="0"/>
    <open-files xmlns="http://www.netbeans.org/ns/projectui-open-files/2">
        <group>
            <file>file:/F:/______/2019-2020-1/14%20JSP/WebApplication6/web/index.html</file>
            <file>file:/F:/______/2019-2020-1/14%20JSP/WebApplication6/src/java/VerifyServlet.java</file>
            <file>file:/F:/______/2019-2020-1/14%20JSP/WebApplication6/src/java/TestServlet.java</file>
        </group>
    </open-files>
</project-private>
